﻿<BGAnimation 
	UseScroller="1"
	SecondsPerItem="0.28" 
	NumItemsToDraw="21"
	ItemPaddingStart="10"
	ItemPaddingEnd="0"
	TransformFunction="function(self,offset,itemIndex,numItems) self:y(offset*24); end"
>
	<children>
		<!-- Might as well give ourselves a bit of credit for all the work we've put in, eh? -->
		<Layer Type="BitmapText" Text="OPENITG TEAM" File="_eurostile normal" OnCommand="zoom,0.7;diffuse,#D57676;ztest,1" />
		<Layer Type="BitmapText" Text="" File="_eurostile normal" OnCommand="zoom,0.7;diffuse,#FFFFFF;ztest,1" />
		<Layer Type="BitmapText" Text="" File="_eurostile normal" OnCommand="zoom,0.7;diffuse,#FFFFFF;ztest,1" />
		<Layer Type="BitmapText" Text="PROGRAMMING" File="_eurostile normal" OnCommand="zoom,0.7;diffuse,#76B1D5;ztest,1" />
		<Layer Type="BitmapText" Text="Mark “vyhd” Cannon" File="_eurostile normal" OnCommand="zoom,0.7;diffuse,#FFFFFF;ztest,1" />
		<Layer Type="BitmapText" Text="Pat “infamouspat” Mac" File="_eurostile normal" OnCommand="zoom,0.7;diffuse,#FFFFFF;ztest,1" />
		<Layer Type="BitmapText" Text="Matt “1360” Vandermeulen" File="_eurostile normal" OnCommand="zoom,0.7;diffuse,#FFFFFF;ztest,1" />
		<Layer Type="BitmapText" Text="Carl “terabyte” Myers" File="_eurostile normal" OnCommand="zoom,0.7;diffuse,#FFFFFF;ztest,1" />
		<Layer Type="BitmapText" Text="" File="_eurostile normal" OnCommand="zoom,0.7;diffuse,#FFFFFF;ztest,1" />
		<Layer Type="BitmapText" Text="THEME WORK" File="_eurostile normal" OnCommand="zoom,0.7;diffuse,#76B1D5;ztest,1" />
		<Layer Type="BitmapText" Text="Stephen “xjen0vax” Marshall" File="_eurostile normal" OnCommand="zoom,0.7;diffuse,#FFFFFF;ztest,1" />
		<Layer Type="BitmapText" Text="Jason “Lightning” Bolt" File="_eurostile normal" OnCommand="zoom,0.7;diffuse,#FFFFFF;ztest,1" />
		<Layer Type="BitmapText" Text="" File="_eurostile normal" OnCommand="zoom,0.7;diffuse,#FFFFFF;ztest,1" />
		<Layer Type="BitmapText" Text="SPECIAL THANKS" File="_eurostile normal" OnCommand="zoom,0.7;diffuse,#76B1D5;ztest,1" />
		<Layer Type="BitmapText" Text="BoXoRRoXoRs crew" File="_eurostile normal" OnCommand="zoom,0.7;diffuse,#FFFFFF;ztest,1" />
		<Layer Type="BitmapText" Text="JJSZ" File="_eurostile normal" OnCommand="zoom,0.7;diffuse,#FFFFFF;ztest,1" />
		<Layer Type="BitmapText" Text="NeoKamek" File="_eurostile normal" OnCommand="zoom,0.7;diffuse,#FFFFFF;ztest,1" />
		<Layer Type="BitmapText" Text="TooManyGames" File="_eurostile normal" OnCommand="zoom,0.7;diffuse,#FFFFFF;ztest,1" />
		<Layer Type="BitmapText" Text="Sigma" File="_eurostile normal" OnCommand="zoom,0.7;diffuse,#FFFFFF;ztest,1" />
		<Layer Type="BitmapText" Text="darklink87" File="_eurostile normal" OnCommand="zoom,0.7;diffuse,#FFFFFF;ztest,1" />
		<Layer Type="BitmapText" Text="goofwear" File="_eurostile normal" OnCommand="zoom,0.7;diffuse,#FFFFFF;ztest,1" />
		<Layer Type="BitmapText" Text="" File="_eurostile normal" OnCommand="zoom,0.7;diffuse,#FFFFFF;ztest,1" />
		<Layer Type="BitmapText" Text="TEST LOCATIONS" File="_eurostile normal" OnCommand="zoom,0.7;diffuse,#76B1D5;ztest,1" />
		<Layer Type="BitmapText" Text="Beaver Valley Mall - Monaca, PA" File="_eurostile normal" OnCommand="zoom,0.7;diffuse,#FFFFFF;ztest,1" />
		<Layer Type="BitmapText" Text="Incredible Pizza Co. - Conroe, TX" File="_eurostile normal" OnCommand="zoom,0.7;diffuse,#FFFFFF;ztest,1" />
		<Layer Type="BitmapText" Text="Challenge Arcade - Reading, PA" File="_eurostile normal" OnCommand="zoom,0.7;diffuse,#FFFFFF;ztest,1" />
		<Layer Type="BitmapText" Text="" File="_eurostile normal" OnCommand="zoom,0.7;diffuse,#FFFFFF;ztest,1" />
		<Layer Type="BitmapText" Text="" File="_eurostile normal" OnCommand="zoom,0.7;diffuse,#FFFFFF;ztest,1" />
		<Layer Type="BitmapText" Text="" File="_eurostile normal" OnCommand="zoom,0.7;diffuse,#FFFFFF;ztest,1" />
		<Layer Type="BitmapText" Text="" File="_eurostile normal" OnCommand="zoom,0.7;diffuse,#FFFFFF;ztest,1" />		

		<Layer Type="BitmapText" Text="IN THE GROOVE TEAM" File="_eurostile normal" OnCommand="zoom,0.7;diffuse,#D57676;ztest,1" />
		<Layer Type="BitmapText" Text="" File="_eurostile normal" OnCommand="zoom,0.7;diffuse,#FFFFFF;ztest,1" />
		<Layer Type="BitmapText" Text="" File="_eurostile normal" OnCommand="zoom,0.7;diffuse,#FFFFFF;ztest,1" />
		<Layer Type="BitmapText" Text="PRODUCER" File="_eurostile normal" OnCommand="zoom,0.7;diffuse,#76B1D5;ztest,1" />
		<Layer Type="BitmapText" Text="Jason Asbahr" File="_eurostile normal" OnCommand="zoom,0.7;diffuse,#FFFFFF;ztest,1" />
		<Layer Type="BitmapText" Text="" File="_eurostile normal" OnCommand="zoom,0.7;diffuse,#FFFFFF;ztest,1" />
		<Layer Type="BitmapText" Text="PROGRAMMING" File="_eurostile normal" OnCommand="zoom,0.7;diffuse,#76B1D5;ztest,1" />
		<Layer Type="BitmapText" Text="Glenn Maynard" File="_eurostile normal" OnCommand="zoom,0.7;diffuse,#FFFFFF;ztest,1" />
		<Layer Type="BitmapText" Text="Chris Danford" File="_eurostile normal" OnCommand="zoom,0.7;diffuse,#FFFFFF;ztest,1" />
		<Layer Type="BitmapText" Text="" File="_eurostile normal" OnCommand="zoom,0.7;diffuse,#FFFFFF;ztest,1" />
		<Layer Type="BitmapText" Text="SOUND" File="_eurostile normal" OnCommand="zoom,0.7;diffuse,#76B1D5;ztest,1" />
		<Layer Type="BitmapText" Text="Kyle Ward" File="_eurostile normal" OnCommand="zoom,0.7;diffuse,#FFFFFF;ztest,1" />
		<Layer Type="BitmapText" Text="" File="_eurostile normal" OnCommand="zoom,0.7;diffuse,#FFFFFF;ztest,1" />
		<Layer Type="BitmapText" Text="STEP ARTISTS" File="_eurostile normal" OnCommand="zoom,0.7;diffuse,#76B1D5;ztest,1" />
		<Layer Type="BitmapText" Text="Kyle Ward" File="_eurostile normal" OnCommand="zoom,0.7;diffuse,#FFFFFF;ztest,1" />
		<Layer Type="BitmapText" Text="Chris Foy" File="_eurostile normal" OnCommand="zoom,0.7;diffuse,#FFFFFF;ztest,1" />
		<Layer Type="BitmapText" Text="Matthew Emirzian" File="_eurostile normal" OnCommand="zoom,0.7;diffuse,#FFFFFF;ztest,1" />
		<Layer Type="BitmapText" Text="Ryan McKanna" File="_eurostile normal" OnCommand="zoom,0.7;diffuse,#FFFFFF;ztest,1" />
		<Layer Type="BitmapText" Text="Matt Puls" File="_eurostile normal" OnCommand="zoom,0.7;diffuse,#FFFFFF;ztest,1" />
		<Layer Type="BitmapText" Text="Jonas Casarino" File="_eurostile normal" OnCommand="zoom,0.7;diffuse,#FFFFFF;ztest,1" />
		<Layer Type="BitmapText" Text="Christopher Emirzian" File="_eurostile normal" OnCommand="zoom,0.7;diffuse,#FFFFFF;ztest,1" />
		<Layer Type="BitmapText" Text="" File="_eurostile normal" OnCommand="zoom,0.7;diffuse,#FFFFFF;ztest,1" />
		<Layer Type="BitmapText" Text="THEME GRAPHICS" File="_eurostile normal" OnCommand="zoom,0.7;diffuse,#76B1D5;ztest,1" />
		<Layer Type="BitmapText" Text="Heather Dority" File="_eurostile normal" OnCommand="zoom,0.7;diffuse,#FFFFFF;ztest,1" />
		<Layer Type="BitmapText" Text="Ryan McKanna" File="_eurostile normal" OnCommand="zoom,0.7;diffuse,#FFFFFF;ztest,1" />
		<Layer Type="BitmapText" Text="Chris Danford" File="_eurostile normal" OnCommand="zoom,0.7;diffuse,#FFFFFF;ztest,1" />
		<Layer Type="BitmapText" Text="Glenn Maynard" File="_eurostile normal" OnCommand="zoom,0.7;diffuse,#FFFFFF;ztest,1" />
		<Layer Type="BitmapText" Text="" File="_eurostile normal" OnCommand="zoom,0.7;diffuse,#FFFFFF;ztest,1" />
		<Layer Type="BitmapText" Text="SONG/COURSE GRAPHICS" File="_eurostile normal" OnCommand="zoom,0.7;diffuse,#76B1D5;ztest,1" />
		<Layer Type="BitmapText" Text="Ryan McKanna" File="_eurostile normal" OnCommand="zoom,0.7;diffuse,#FFFFFF;ztest,1" />
		<Layer Type="BitmapText" Text="Matt Puls" File="_eurostile normal" OnCommand="zoom,0.7;diffuse,#FFFFFF;ztest,1" />
		<Layer Type="BitmapText" Text="Heather Dority" File="_eurostile normal" OnCommand="zoom,0.7;diffuse,#FFFFFF;ztest,1" />
		<Layer Type="BitmapText" Text="" File="_eurostile normal" OnCommand="zoom,0.7;diffuse,#FFFFFF;ztest,1" />
		<Layer Type="BitmapText" Text="BUSINESS" File="_eurostile normal" OnCommand="zoom,0.7;diffuse,#76B1D5;ztest,1" />
		<Layer Type="BitmapText" Text="Jason Asbahr" File="_eurostile normal" OnCommand="zoom,0.7;diffuse,#FFFFFF;ztest,1" />
		<Layer Type="BitmapText" Text="John Cooney" File="_eurostile normal" OnCommand="zoom,0.7;diffuse,#FFFFFF;ztest,1" />
		<Layer Type="BitmapText" Text="" File="_eurostile normal" OnCommand="zoom,0.7;diffuse,#FFFFFF;ztest,1" />
		<Layer Type="BitmapText" Text="SYSADMIN" File="_eurostile normal" OnCommand="zoom,0.7;diffuse,#76B1D5;ztest,1" />
		<Layer Type="BitmapText" Text="Travis B. Hartwell" File="_eurostile normal" OnCommand="zoom,0.7;diffuse,#FFFFFF;ztest,1" />
		<Layer Type="BitmapText" Text="" File="_eurostile normal" OnCommand="zoom,0.7;diffuse,#FFFFFF;ztest,1" />
		<Layer Type="BitmapText" Text="HARDWARE" File="_eurostile normal" OnCommand="zoom,0.7;diffuse,#76B1D5;ztest,1" />
		<Layer Type="BitmapText" Text="John Cooney" File="_eurostile normal" OnCommand="zoom,0.7;diffuse,#FFFFFF;ztest,1" />
		<Layer Type="BitmapText" Text="" File="_eurostile normal" OnCommand="zoom,0.7;diffuse,#FFFFFF;ztest,1" />
		<Layer Type="BitmapText" Text="ILLUSTRATOR" File="_eurostile normal" OnCommand="zoom,0.7;diffuse,#76B1D5;ztest,1" />
		<Layer Type="BitmapText" Text="Beth Schultz" File="_eurostile normal" OnCommand="zoom,0.7;diffuse,#FFFFFF;ztest,1" />
		<Layer Type="BitmapText" Text="" File="_eurostile normal" OnCommand="zoom,0.7;diffuse,#FFFFFF;ztest,1" />
		<Layer Type="BitmapText" Text="TEST LOCATIONS" File="_eurostile normal" OnCommand="zoom,0.7;diffuse,#76B1D5;ztest,1" />
		<Layer Type="BitmapText" Text="8 on the Break - Dunellen, NJ" File="_eurostile normal" OnCommand="zoom,0.7;diffuse,#FFFFFF;ztest,1" />
		<Layer Type="BitmapText" Text="" File="_eurostile normal" OnCommand="zoom,0.7;diffuse,#FFFFFF;ztest,1" />
		<Layer Type="BitmapText" Text="SPECIAL THANKS" File="_eurostile normal" OnCommand="zoom,0.7;diffuse,#76B1D5;ztest,1" />
		<Layer Type="BitmapText" Text="Kevin McKanna" File="_eurostile normal" OnCommand="zoom,0.7;diffuse,#FFFFFF;ztest,1" />
		<Layer Type="BitmapText" Text="Jennifer Putzier" File="_eurostile normal" OnCommand="zoom,0.7;diffuse,#FFFFFF;ztest,1" />
		<Layer Type="BitmapText" Text="Rhea Dysangco" File="_eurostile normal" OnCommand="zoom,0.7;diffuse,#FFFFFF;ztest,1" />
		<Layer Type="BitmapText" Text="Cinnamon Cooney" File="_eurostile normal" OnCommand="zoom,0.7;diffuse,#FFFFFF;ztest,1" />
		<Layer Type="BitmapText" Text="Lee Search" File="_eurostile normal" OnCommand="zoom,0.7;diffuse,#FFFFFF;ztest,1" />
		<Layer Type="BitmapText" Text="Gina “Lou” Hall" File="_eurostile normal" OnCommand="zoom,0.7;diffuse,#FFFFFF;ztest,1" />
		<Layer Type="BitmapText" Text="Aaron Shafer" File="_eurostile normal" OnCommand="zoom,0.7;diffuse,#FFFFFF;ztest,1" />
		<Layer Type="BitmapText" Text="Kristy Bowden" File="_eurostile normal" OnCommand="zoom,0.7;diffuse,#FFFFFF;ztest,1" />
		<Layer Type="BitmapText" Text="Koley Porter" File="_eurostile normal" OnCommand="zoom,0.7;diffuse,#FFFFFF;ztest,1" />
		<Layer Type="BitmapText" Text="Audrey Maker" File="_eurostile normal" OnCommand="zoom,0.7;diffuse,#FFFFFF;ztest,1" />
		<Layer Type="BitmapText" Text="Andrew Locko" File="_eurostile normal" OnCommand="zoom,0.7;diffuse,#FFFFFF;ztest,1" />
		<Layer Type="BitmapText" Text="" File="_eurostile normal" OnCommand="zoom,0.7;diffuse,#FFFFFF;ztest,1" />
		<Layer Type="BitmapText" Text="RED OCTANE SOFTWARE" File="_eurostile normal" OnCommand="zoom,0.7;diffuse,#76B1D5;ztest,1" />
		<Layer Type="BitmapText" Text="John Tam" File="_eurostile normal" OnCommand="zoom,0.7;diffuse,#FFFFFF;ztest,1" />
		<Layer Type="BitmapText" Text="Ted Lange" File="_eurostile normal" OnCommand="zoom,0.7;diffuse,#FFFFFF;ztest,1" />
		<Layer Type="BitmapText" Text="Mark Johnson" File="_eurostile normal" OnCommand="zoom,0.7;diffuse,#FFFFFF;ztest,1" />
		<Layer Type="BitmapText" Text="Raul Renteria" File="_eurostile normal" OnCommand="zoom,0.7;diffuse,#FFFFFF;ztest,1" />
		<Layer Type="BitmapText" Text="Jordan Dodge" File="_eurostile normal" OnCommand="zoom,0.7;diffuse,#FFFFFF;ztest,1" />
		<Layer Type="BitmapText" Text="Daniyel Garcia" File="_eurostile normal" OnCommand="zoom,0.7;diffuse,#FFFFFF;ztest,1" />
		<Layer Type="BitmapText" Text="" File="_eurostile normal" OnCommand="zoom,0.7;diffuse,#FFFFFF;ztest,1" />
		<Layer Type="BitmapText" Text="STEPMANIA PROGRAMMERS" File="_eurostile normal" OnCommand="zoom,0.7;diffuse,#76B1D5;ztest,1" />
		<Layer Type="BitmapText" Text="Frieza" File="_eurostile normal" OnCommand="zoom,0.7;diffuse,#FFFFFF;ztest,1" />
		<Layer Type="BitmapText" Text="Peter “Dro Kulix” May" File="_eurostile normal" OnCommand="zoom,0.7;diffuse,#FFFFFF;ztest,1" />
		<Layer Type="BitmapText" Text="Jared “nmspaz” Roberts" File="_eurostile normal" OnCommand="zoom,0.7;diffuse,#FFFFFF;ztest,1" />
		<Layer Type="BitmapText" Text="Brendan “binarys” Walker" File="_eurostile normal" OnCommand="zoom,0.7;diffuse,#FFFFFF;ztest,1" />
		<Layer Type="BitmapText" Text="Lance “Neovanglist” Gilbert" File="_eurostile normal" OnCommand="zoom,0.7;diffuse,#FFFFFF;ztest,1" />
		<Layer Type="BitmapText" Text="Michel Donais" File="_eurostile normal" OnCommand="zoom,0.7;diffuse,#FFFFFF;ztest,1" />
		<Layer Type="BitmapText" Text="Ben “Mantis” Nordstrom" File="_eurostile normal" OnCommand="zoom,0.7;diffuse,#FFFFFF;ztest,1" />
		<Layer Type="BitmapText" Text="Chris “Parasyte” Gomez" File="_eurostile normal" OnCommand="zoom,0.7;diffuse,#FFFFFF;ztest,1" />
		<Layer Type="BitmapText" Text="Michael “dirkthedaring” Patterson" File="_eurostile normal" OnCommand="zoom,0.7;diffuse,#FFFFFF;ztest,1" />
		<Layer Type="BitmapText" Text="Sauleil “angedelamort” Lamarre" File="_eurostile normal" OnCommand="zoom,0.7;diffuse,#FFFFFF;ztest,1" />
		<Layer Type="BitmapText" Text="Edwin Evans" File="_eurostile normal" OnCommand="zoom,0.7;diffuse,#FFFFFF;ztest,1" />
		<Layer Type="BitmapText" Text="Brian “Bork” Bugh" File="_eurostile normal" OnCommand="zoom,0.7;diffuse,#FFFFFF;ztest,1" />
		<Layer Type="BitmapText" Text="Joel “Elvis314” Maher" File="_eurostile normal" OnCommand="zoom,0.7;diffuse,#FFFFFF;ztest,1" />
		<Layer Type="BitmapText" Text="Garth “Kefabi” Smith" File="_eurostile normal" OnCommand="zoom,0.7;diffuse,#FFFFFF;ztest,1" />
		<Layer Type="BitmapText" Text="Pkillah" File="_eurostile normal" OnCommand="zoom,0.7;diffuse,#FFFFFF;ztest,1" />
		<Layer Type="BitmapText" Text="Robert Kemmetmueller" File="_eurostile normal" OnCommand="zoom,0.7;diffuse,#FFFFFF;ztest,1" />
		<Layer Type="BitmapText" Text="Ben “Shabach” Andersen" File="_eurostile normal" OnCommand="zoom,0.7;diffuse,#FFFFFF;ztest,1" />
		<Layer Type="BitmapText" Text="Will “SlinkyWizard” Valladao" File="_eurostile normal" OnCommand="zoom,0.7;diffuse,#FFFFFF;ztest,1" />
		<Layer Type="BitmapText" Text="TheChip" File="_eurostile normal" OnCommand="zoom,0.7;diffuse,#FFFFFF;ztest,1" />
		<Layer Type="BitmapText" Text="David “WarriorBob” H" File="_eurostile normal" OnCommand="zoom,0.7;diffuse,#FFFFFF;ztest,1" />
		<Layer Type="BitmapText" Text="Mike Waltson" File="_eurostile normal" OnCommand="zoom,0.7;diffuse,#FFFFFF;ztest,1" />
		<Layer Type="BitmapText" Text="Kevin “Miryokuteki” Slaughter" File="_eurostile normal" OnCommand="zoom,0.7;diffuse,#FFFFFF;ztest,1" />
		<Layer Type="BitmapText" Text="Thad “Coderjoe” Ward" File="_eurostile normal" OnCommand="zoom,0.7;diffuse,#FFFFFF;ztest,1" />
		<Layer Type="BitmapText" Text="Steve Checkoway" File="_eurostile normal" OnCommand="zoom,0.7;diffuse,#FFFFFF;ztest,1" />
		<Layer Type="BitmapText" Text="Sean Burke" File="_eurostile normal" OnCommand="zoom,0.7;diffuse,#FFFFFF;ztest,1" />
		<Layer Type="BitmapText" Text="XPort" File="_eurostile normal" OnCommand="zoom,0.7;diffuse,#FFFFFF;ztest,1" />
		<Layer Type="BitmapText" Text="" File="_eurostile normal" OnCommand="zoom,0.7;diffuse,#FFFFFF;ztest,1" />
		<Layer Type="BitmapText" Text="" File="_eurostile normal" OnCommand="zoom,0.7;diffuse,#FFFFFF;ztest,1" />
		<Layer Type="BitmapText" Text="" File="_eurostile normal" OnCommand="zoom,0.7;diffuse,#FFFFFF;ztest,1" />
		<Layer Type="BitmapText" Text="" File="_eurostile normal" OnCommand="zoom,0.7;diffuse,#FFFFFF;ztest,1" />
		<Layer Type="BitmapText" Text="" File="_eurostile normal" OnCommand="zoom,0.7;diffuse,#FFFFFF;ztest,1" />
		<Layer Type="BitmapText" Text="" File="_eurostile normal" OnCommand="zoom,0.7;diffuse,#FFFFFF;ztest,1" />
		<Layer Type="BitmapText" Text="" File="_eurostile normal" OnCommand="zoom,0.7;diffuse,#FFFFFF;ztest,1" />
		<Layer Type="BitmapText" Text="" File="_eurostile normal" OnCommand="zoom,0.7;diffuse,#FFFFFF;ztest,1" />
		<Layer Type="BitmapText" Text="IN THANKS AND MEMORY OF" File="_eurostile normal" OnCommand="zoom,0.7;diffuse,#76B1D5;ztest,1" />
		<Layer Type="BitmapText" Text="Steve Blattspieler" File="_eurostile normal" OnCommand="zoom,0.7;diffuse,#FFFFFF;ztest,1" />
	</children>
</BGAnimation>
